{
  "parent": "item/handheld",
  "textures": {
    "layer0": "item/stick"
  },
  "overrides": [
    {
      "predicate": {
        "custom_model_data": 1
      },
      "model": "item/custom/single_compressed_stick"
    },
    {
      "predicate": {
        "custom_model_data": 2
      },
      "model": "item/custom/double_compressed_stick"
    },
    {
      "predicate": {
        "custom_model_data": 3
      },
      "model": "item/custom/triple_compressed_stick"
    },
    {
      "predicate": {
        "custom_model_data": 4
      },
      "model": "item/custom/quadruple_compressed_stick"
    },
    {
      "predicate": {
        "custom_model_data": 5
      },
      "model": "item/custom/quintuple_compressed_stick"
    },
    {
      "predicate": {
        "custom_model_data": 6
      },
      "model": "item/custom/hextuple_compressed_stick"
    },
    {
      "predicate": {
        "custom_model_data": 7
      },
      "model": "item/custom/septuple_compressed_stick"
    },
    {
      "predicate": {
        "custom_model_data": 8
      },
      "model": "item/custom/octuple_compressed_stick"
    }
  ]
}