{
    "model": {
        "type": "select",
        "property": "custom_model_data",
        "fallback": {
            "type": "model",
            "model": "item/stick"
        },
        "cases": [
            {
                "when": "1",
                "model": {
                    "type": "model",
                    "model": "item/custom/single_compressed_stick"
                }
            },
            {
                "when": "2",
                "model": {
                    "type": "model",
                    "model": "item/custom/double_compressed_stick"
                }
            },
            {
                "when": "3",
                "model": {
                    "type": "model",
                    "model": "item/custom/triple_compressed_stick"
                }
            },
            {
                "when": "4",
                "model": {
                    "type": "model",
                    "model": "item/custom/quadruple_compressed_stick"
                }
            },
            {
                "when": "5",
                "model": {
                    "type": "model",
                    "model": "item/custom/quintuple_compressed_stick"
                }
            },
            {
                "when": "6",
                "model": {
                    "type": "model",
                    "model": "item/custom/hextuple_compressed_stick"
                }
            },
            {
                "when": "7",
                "model": {
                    "type": "model",
                    "model": "item/custom/septuple_compressed_stick"
                }
            },
            {
                "when": "8",
                "model": {
                    "type": "model",
                    "model": "item/custom/octuple_compressed_stick"
                }
            }
        ]
    }
}